sgrna	seq
PBANKA_1459900gRNA1	TTTCGTCTTACCACGGGTAT
PBANKA_1459900gRNA2	TGAAAGGGCTCCAATACCCG
PBANKA_0804000gRNA1	GGTAAAGCTGGAAAAGGTAC
PBANKA_0804000gRNA2	AGAAGAAATACAATTGGTAC
PBANKA_0809200gRNA1	CAACGTAGTTAAACATAGCC
PBANKA_0809200gRNA2	CAAATAAATCGATTGCAAAA
PBANKA_0703200gRNA1	AAAATTGAGTAAAAGGCCTG
PBANKA_0703200gRNA2	ATAGGATCAAAATCATCCAG
PBANKA_0505400gRNA1	TAGATTGAATGGATCAGAAG
PBANKA_0505400gRNA2	GTTGGTACATCTGTATTGTC
PBANKA_0812300gRNA1	CATTTGGCTTCCCAGATCTA
PBANKA_0812300gRNA2	TAAGTCTTAATTGCTCATCA
PBANKA_1009800gRNA1	GGATGGTGGATGGTTAAAAG
PBANKA_1009800gRNA2	AATTGGTGCACTAATGCCAG
PBANKA_1136500gRNA1	AAAATATGATAAAATACTGG
PBANKA_1136500gRNA2	GTACCCATTGTAGATTTGAA
PBANKA_0914900gRNA1	TTTACGGTGAAGCGATAATT
PBANKA_0914900gRNA2	ATGAACGCGTCATAATAGTT
PBANKA_0817800gRNA1	CGAAAGCGAAGAATCCCCAA
PBANKA_0817800gRNA2	AAACAATTCCTGATAAAATG
PBANKA_1233900gRNA1	GTTAGGTGTGCAGATAACAG
PBANKA_1233900gRNA2	ATGCTTTATGTGGCCTTTGG
PBANKA_0514900gRNA1	TTTCTAAGCCAAAATTTCCC
PBANKA_0514900gRNA2	AAACCCCAAGCACCAGGTAC
PBANKA_1362100gRNA1	TTTATAGGGGTAAAGGTATG
PBANKA_1362100gRNA2	TAATGGATCTGCATTGTCAA
PBANKA_1108400gRNA1	CCTATAGACAAAGATGAAGG
PBANKA_1108400gRNA2	CCTCCTTCATCTTTGTCTAT
PBANKA_1322400gRNA1	GTTCGAAATTATGTACTTAG
PBANKA_1322400gRNA2	AAAGTGCCAAATTCGAAAAA
PBANKA_1426400gRNA1	ACAGTTCCTTAACAAATGCG
PBANKA_1426400gRNA2	GAATTACCACGCATTTGTTA
PBANKA_0314200gRNA1	TCAGTGAAGAGAGGCTAAGG
PBANKA_0314200gRNA2	ATGGAATGATGTCTTAGGGG
PBANKA_0616700gRNA1	TCCCTTTGTTGAATGAAATG
PBANKA_0616700gRNA2	ATTGTAATGAAGCATTGTAA
PBANKA_0408200gRNA1	ACACCCCGTTAAAACTTGAG
PBANKA_0408200gRNA2	GAAGTTGACAAGAACAATGA
PBANKA_1305200gRNA1	TCTATGAGACTTCTCACTTG
PBANKA_1305200gRNA2	GTATGAGTTGAATTTGATGG
PBANKA_1414500gRNA1	AGGGCACCGGAATTGCTTTG
PBANKA_1414500gRNA2	AAAGGAGAAACAAAGTTTCT
PBANKA_0926600gRNA1	ATATGTGGTGTTAATGGTAG
PBANKA_0926600gRNA2	GCATTGAGTTTGTATAAAGG
PBANKA_1352600gRNA1	TATGTAAGCATTTCCAATTG
PBANKA_1352600gRNA2	TCCGGAAGTCCAACGCCTGA
PBANKA_1421600gRNA1	GATCGAACCCTTGATAATAA
PBANKA_1421600gRNA2	AATCTAACTTGAAATAATTC
PBANKA_0308500gRNA1	ACTTGAGCTATGATGTCTAG
PBANKA_0308500gRNA2	TATTCGAGTGCTATTGCTTG
PBANKA_0604400gRNA1	TGGCTTGCCTATATGCGCAT
PBANKA_0604400gRNA2	TACATTGCCTATGCGCATAT
PBANKA_0103700gRNA1	GGCAGGAATAATTCCATCAG
PBANKA_0103700gRNA2	AAAAGAAGAAAAGATGACAA
PBANKA_0111400gRNA1	TTTGTTGTCGCGTTTCTTTC
PBANKA_0111400gRNA2	GCTATTTGACGTCCCGATCT
PBANKA_0111500gRNA1	GCTCATTGTTGATAAGACTA
PBANKA_0111500gRNA2	GTTCCTGTACTTGTTTAAAA
PBANKA_0210800gRNA1	TAATAAAACGCCATGTATTT
PBANKA_0210800gRNA2	TCATATAACTCCTAAATACA
PBANKA_0315700gRNA1	ATATACTCGAAGGATATTCT
PBANKA_0315700gRNA2	GGATATTCTTGGCGATTTAA
PBANKA_0408800gRNA1	CTGGGTAGTTGCACATATTT
PBANKA_0408800gRNA2	ATTTGATGAGTAATAGGTGC
PBANKA_0409000gRNA1	CAAACTGCCAGATCAACTTC
PBANKA_0409000gRNA2	TAATGCGATCCAAAATTCCA
PBANKA_0502900gRNA1	ATTGTCTAGAAATATGTGTG
PBANKA_0502900gRNA2	CATGTTCTCAAAACTAATGA
PBANKA_0509600gRNA1	TATGGAAATATGCTTATTTC
PBANKA_0509600gRNA2	GTTTGCATCTGAATCGAGGC
PBANKA_0519100gRNA1	TCAGTTTCGGGACTTACACC
PBANKA_0519100gRNA2	GGTGGTGCTGGTGCTGTTCC
PBANKA_0519200gRNA1	ATTCTAGGCAAGATGCATCA
PBANKA_0519200gRNA2	AATCTAGACAAGATTCATCA
PBANKA_0519400gRNA1	TCAGTTGAAAACCCTTCAGG
PBANKA_0519400gRNA2	TCTGATCCAGGGACGCCTAA
PBANKA_0523700gRNA1	TATCATCCACAGACGAAATA
PBANKA_0523700gRNA2	GAAAGATATTCTAGAGAATG
PBANKA_0524100gRNA1	TGATCGGGCCCTATTACTTC
PBANKA_0524100gRNA2	TCGTTATATCACAACTCAAG
PBANKA_0603650gRNA1	AATGGTGTAAATATTAACCG
PBANKA_0603650gRNA2	AGAGGAGCTAACACGCCGAA
PBANKA_0619000gRNA1	GTTTGTTTCGATCCTTCAGG
PBANKA_0619000gRNA2	AATCTAGAAAATGAGAATTC
PBANKA_0705800gRNA1	GTTGAGGAGCAGCTTGGTAT
PBANKA_0705800gRNA2	TTTAGGGGTAGATATAGAAG
PBANKA_0709800gRNA1	AAAGTGCGAGTATTAATTAT
PBANKA_0709800gRNA2	GGACAGAAAGTTGAGTAAAG
PBANKA_0715300gRNA1	ATTGGATCGATAATTTCTCC
PBANKA_0715300gRNA2	TCCGGGATTGGCATTACATT
PBANKA_0812900gRNA1	ACAGGCATACCACTTATAGT
PBANKA_0812900gRNA2	CCATATGAGCCAACTATAAG
PBANKA_0817400gRNA1	TTCCGCGAAAAGTATTATAA
PBANKA_0817400gRNA2	AATATTTAAATAATGACTAG
PBANKA_0821200gRNA1	CCTATTTCATGCTCCATCTA
PBANKA_0821200gRNA2	CCATAGATGGAGCATGAAAT
PBANKA_0915400gRNA1	ATTATGTTATTAATACTTAA
PBANKA_0915400gRNA2	TAACATAATTAAAGCAAATA
PBANKA_0930600gRNA1	GGTGCGGGAATAGTTATTGG
PBANKA_0930600gRNA2	TCTCGAAGGTTAGTTGCTGT
PBANKA_1015100gRNA1	TATTTGCTTGGATATTATCG
PBANKA_1015100gRNA2	TATGAATTTCGAAAGTTTGG
PBANKA_1016900gRNA1	CAAAACCAAGTACACATTTG
PBANKA_1016900gRNA2	TTGGCTAAAAGCTTGTGAAA
PBANKA_1017200gRNA1	AATGTGCTACAATATTTAGC
PBANKA_1017200gRNA2	TATGTAGCATCGATATCGTA
PBANKA_1035000gRNA1	TTGGTGTTTAAGGATTTCGT
PBANKA_1035000gRNA2	CGAATGCAACTTGGTGTTTA
PBANKA_1037300gRNA1	AATATATGTTCGTTAATTCC
PBANKA_1037300gRNA2	CTCTCAAGAAGCTATTCATA
PBANKA_1120000gRNA1	CAAACACGGAGAAATAGATG
PBANKA_1120000gRNA2	GCAAACTGTTAAAACCGAAG
PBANKA_1134700gRNA1	CTGCCCATGGATTAGCTCAA
PBANKA_1134700gRNA2	TATCACTGCTACAACACATG
PBANKA_1135300gRNA1	TTTCGACGATAGTATCTTCT
PBANKA_1135300gRNA2	TCTTGGTCGCTACCTGAGTC
PBANKA_1201300gRNA1	AAAATCGAGGGTGTTAAAAG
PBANKA_1201300gRNA2	GGGTGTTAAAAGTGGCGATC
PBANKA_1206000gRNA1	TATATAGAAGGATTGACTGG
PBANKA_1206000gRNA2	TCGGGCCAATATTATATTAG
PBANKA_1211700gRNA1	TAATTAGTCTTCGTATCTTG
PBANKA_1211700gRNA2	AATGGAACATACGAAACGAA
PBANKA_1237100gRNA1	ATAGTGGCAGCTAATCCTAG
PBANKA_1237100gRNA2	TGTTTGTAGTGGTTTATTCG
PBANKA_1321900gRNA1	AAATGATACTATACCTACAG
PBANKA_1321900gRNA2	GAGCAGGACATAAAACCCAA
PBANKA_1327080gRNA1	CAATGCATGCTAAATGTGTT
PBANKA_1327080gRNA2	TATGAAATTAAATGAAATTG
PBANKA_1329900gRNA1	ATGAAATGGTGCCTTCACAA
PBANKA_1329900gRNA2	TATTGAAGGAACAATAATTC
PBANKA_1345100gRNA1	GAAAGCCAAAGAAATGATGA
PBANKA_1345100gRNA2	TTTGTAACCTATAAAAGGTG
PBANKA_1354800gRNA1	ATCTTATTAAACATCACACG
PBANKA_1354800gRNA2	AACAGAATTAGGCTATAATA
PBANKA_1360200gRNA1	AGTGAAGAAGCAAAGTATAC
PBANKA_1360200gRNA2	GACGATGTGCTAAGTAGCAA
PBANKA_1408700gRNA1	CCTTTCGCTTGGTATGCATC
PBANKA_1408700gRNA2	AGTTTAGTATGCCTTTCGCT
PBANKA_1436400gRNA1	TAAACCCTCAAGGTCACCTG
PBANKA_1436400gRNA2	ACAATACAAGTAAACCCTCA
PBANKA_1437100gRNA1	CATCTGATTCATATGGGTTC
PBANKA_1437100gRNA2	TGCAGGTGTATCAACATATG
PBANKA_1437900gRNA1	CCAAAATCGTCAAACTCCGT
PBANKA_1437900gRNA2	ATCGACACAACCAATGTTCA
PBANKA_1452500gRNA1	GCTACTTCTGATTCTTCTGC
PBANKA_1452500gRNA2	AGAAGTAGAAGCTGAAGTAC
PBANKA_1464000gRNA1	CTTGGAATAATTTGTGCTTG
PBANKA_1464000gRNA2	ACTAGTCATAATAATTTCAA
PBANKA_1234100gRNA1	TTTGGATATTTCATGCTAGG
PBANKA_1234100gRNA2	GCTGCACATCCCATTAGCAT
PBANKA_0605000gRNA1	TGTTTGATTCGCTCTTTATC
PBANKA_0605000gRNA2	TATATTCGGAAAAACTTCCA
PBANKA_0514600gRNA1	GAAGGAAGCGCTAATAAGTT
PBANKA_0514600gRNA2	GGTGCTATGATTGCTTATAC
PBANKA_1140700gRNA1	CAGTGCATTCTGCTGATTGG
PBANKA_1140700gRNA2	TATATATAAAGGCTCATTCG
PBANKA_0306400gRNA1	GGTGCAGGTTCATATGATTT
PBANKA_0306400gRNA2	AATGGAATGCGAATAGGGCA
PBANKA_1111400gRNA1	AGATGCTGATTATTGTAAAG
PBANKA_1111400gRNA2	TAACTGATATTATAGTATTA
PBANKA_0828100gRNA1	GCTGGGCCTGCATAATATAT
PBANKA_0828100gRNA2	GGAATAGGTGCACAATTTGG
PBANKA_1344400gRNA1	CATCAGAATCGGGATCCCAA
PBANKA_1344400gRNA2	AAACATCAAAGGATCATCAG
PBANKA_0719300gRNA1	TAAGGGAATTGGAAATGCGG
PBANKA_0719300gRNA2	TATGGGAAGCTAATGGAACA
PBANKA_1127700gRNA1	ATTGGTATACGAATCGATTC
PBANKA_1127700gRNA2	GACCTAATGATGGCTGTGAT
PBANKA_1435100gRNA1	GGAGGGCCAAATGACAAATT
PBANKA_1435100gRNA2	GACAGTAGAACCTGGATTTG
PBANKA_1416700gRNA1	ACAGTGAACGGGCGTGACAG
PBANKA_1416700gRNA2	ATATGGGTAGCACCAAGTGG
PBANKA_0304000gRNA1	TTGCTGAACTGATACTAAGG
PBANKA_0304000gRNA2	TTACGGGAAATATAGACAAA
PBANKA_0306200gRNA1	ATTCTATCTCTTGACAGTGG
PBANKA_0306200gRNA2	GTACGTACTCATATGGCTCT
PBANKA_1360100gRNA1	CTAGTTGGTAACAACACTCT
PBANKA_1360100gRNA2	AATCATCGCAAAAATCGGCA
PBANKA_0824700gRNA1	TGAGTGACTTCACCTGCATT
PBANKA_0824700gRNA2	CAAGGTGTAACATTTATGTG
PBANKA_1127600gRNA1	TATGAATTCAGTTAGTAAGG
PBANKA_1127600gRNA2	CTATCACAATCGTTTATTTC
PBANKA_1027000gRNA1	CATGGACCACGAATGTTAGG
PBANKA_1027000gRNA2	AATTGGTATACAAACATCCG
PBANKA_1028900gRNA1	TTAGGGGATGTTACATATGG
PBANKA_1028900gRNA2	AATTGGCTTTAATTCTGTTG
PBANKA_1207300gRNA1	TATCATTGGACTAGGGTTAG
PBANKA_1207300gRNA2	ACTAGGGTTAGGGGATGAAA
PBANKA_0506700gRNA1	TGTGTATATCGACTGATTTG
PBANKA_0506700gRNA2	ACACCTAATAATGTGATTGG
PBANKA_1112400gRNA1	ATAGATGATGTATTTACTTG
PBANKA_1112400gRNA2	TTATTTGGAGCATCGTATAA	
PBANKA_1013300gRNA1	ATTGATTCAAAAAAAAAACG
PBANKA_1013300gRNA2	CAGATTATGTAGCAACACGT
PBANKA_1037800gRNA1	TCGTGAAGATGCCTTAACAT
PBANKA_1037800gRNA2	TAGTCCCTTTGCATGTGCGG
PBANKA_0515000gRNA1	ATATTACAAGAGCATATTGG
PBANKA_1401600gRNA1	ATTGTCGCTTCATATGCTGG
PBANKA_1401600gRNA2	GTACTAGTCATAATTTCATG
PBANKA_1034400gRNA1	TGACATAAAACTATTCTGAG
PBANKA_1034400gRNA2	AAAGAGTCAAATTACTCCAA
PBANKA_1104200gRNA1	TGGGGTGCAGTAGGACATGG
PBANKA_1104200gRNA2	AAAAATAAAATAATTCAAGG
