genewiz	ligationwell	genecat	grna	seq
1	1A	other	PBANKA_1224200gRNA1	TTAGATATGCATACAAAACA
2	1A	other	PBANKA_1224200gRNA2	TCTTGGAATTTGAATGTCAA
3	1A	other	PBANKA_1225600gRNA1	CAAATAAAACCACAAAAAAG
4	1A	other	PBANKA_1225600gRNA2	AATGAATTTCCCCTTTTTTG
5	1A	other	PBANKA_0914500gRNA1	ATAACAATAATAATAATACA
6	1A	other	PBANKA_0914500gRNA2	TACGAAATAAATTTCTTCAC
7	1A	other	PBANKA_0622900gRNA1	TCCATAATACATATAGCAAA
8	1A	other	PBANKA_0622900gRNA2	AACGAAATAATGTTTTTGAC
9	1A	other	PBANKA_1451000gRNA1	AAAAAGTATGACCCTATAAG
10	1A	other	PBANKA_1451000gRNA2	AAAAAATAAGGTATTTCAAT
11	1A	other	PBANKA_0829400gRNA1	ACAAAAAAAAACAAATTATA
